{"cameraMode":{"drawMode":0,"name":"Shaded","section":"Shading Mode"},"sceneLighting":false,"audioPlay":false,"sceneViewState":{"m_AlwaysRefresh":false,"showFog":true,"showSkybox":false,"showFlares":true,"showImageEffects":true,"showParticleSystems":true,"showVisualEffectGraphs":true,"m_FxEnabled":true},"in2DMode":false,"pivot":{"x":332.14227294921877,"y":19.495960235595704,"z":152.937255859375},"rotation":{"x":-0.04671261087059975,"y":-0.058677926659584048,"z":0.0027676450554281475,"w":-0.9972127676010132},"size":7.468262195587158,"orthographic":false}